step,layer,gamma_mag,beta_mag,gamma_var_tokens,beta_var_tokens,val_loss,ppl
1000,0,0.999283,0.000761,0.0,0.0,7.773,2375.68
1000,1,1.000261,0.001592,1e-06,1e-06,7.773,2375.68
1000,2,1.000458,0.002216,2e-06,2e-06,7.773,2375.68
1000,3,1.000669,0.002011,3e-06,3e-06,7.773,2375.68
1000,4,1.000947,0.002004,3e-06,3e-06,7.773,2375.68
1000,5,1.00113,0.002326,4e-06,4e-06,7.773,2375.68
1000,6,1.001332,0.00284,6e-06,5e-06,7.773,2375.68
1000,7,1.001378,0.003908,1.2e-05,1.2e-05,7.773,2375.68
1000,8,1.001762,0.004575,2.6e-05,2.7e-05,7.773,2375.68
1000,9,1.001343,0.002981,6e-06,6e-06,7.773,2375.68
1000,10,1.001481,0.003479,4e-06,4e-06,7.773,2375.68
1000,11,1.001508,0.004281,4e-06,4e-06,7.773,2375.68
2000,0,0.997199,0.003481,2e-06,2e-06,7.2811,1452.55
2000,1,1.005105,0.006318,7.8e-05,4.9e-05,7.2811,1452.55
2000,2,1.008177,0.011204,0.000191,0.000122,7.2811,1452.55
2000,3,1.013966,0.02767,0.002218,0.00153,7.2811,1452.55
2000,4,1.044077,0.064184,0.014932,0.007853,7.2811,1452.55
2000,5,1.042456,0.065782,0.018665,0.008753,7.2811,1452.55
2000,6,1.025965,0.053498,0.005752,0.00391,7.2811,1452.55
2000,7,1.034748,0.035939,0.001321,0.000844,7.2811,1452.55
2000,8,1.116676,0.057443,0.002309,0.000834,7.2811,1452.55
2000,9,1.04062,0.021338,0.001784,0.000453,7.2811,1452.55
2000,10,1.011393,0.013202,0.000198,0.000158,7.2811,1452.55
2000,11,1.015289,0.011653,3.5e-05,2.4e-05,7.2811,1452.55
3000,0,0.99177,0.009634,1.7e-05,9e-06,6.7846,884.1
3000,1,1.033358,0.019566,0.001424,0.000454,6.7846,884.1
3000,2,1.082237,0.051005,0.007745,0.002373,6.7846,884.1
3000,3,1.048391,0.074768,0.027122,0.012994,6.7846,884.1
3000,4,1.048984,0.093576,0.058162,0.021441,6.7846,884.1
3000,5,1.051983,0.089051,0.04095,0.013479,6.7846,884.1
3000,6,1.065916,0.096868,0.024932,0.013089,6.7846,884.1
3000,7,1.451159,0.172846,0.028978,0.009011,6.7846,884.1
3000,8,1.84153,0.299142,0.063557,0.010633,6.7846,884.1
3000,9,1.768336,0.24804,0.067565,0.00858,6.7846,884.1
3000,10,1.517512,0.225753,0.018549,0.004315,6.7846,884.1
3000,11,1.299493,0.145541,0.005113,0.00132,6.7846,884.1
4000,0,0.981473,0.019527,4.9e-05,2.3e-05,6.2285,507.0
4000,1,1.094267,0.039945,0.00688,0.00146,6.2285,507.0
4000,2,1.185755,0.0951,0.017233,0.004319,6.2285,507.0
4000,3,1.09021,0.109922,0.051758,0.025574,6.2285,507.0
4000,4,1.063559,0.085919,0.06373,0.019165,6.2285,507.0
4000,5,1.051368,0.107765,0.072907,0.020258,6.2285,507.0
4000,6,1.162386,0.166315,0.046326,0.025573,6.2285,507.0
4000,7,1.562811,0.256152,0.070517,0.023272,6.2285,507.0
4000,8,1.858046,0.350953,0.142415,0.027589,6.2285,507.0
4000,9,1.989635,0.349754,0.131235,0.019025,6.2285,507.0
4000,10,1.769658,0.344141,0.070374,0.015538,6.2285,507.0
4000,11,1.677613,0.347428,0.013834,0.003727,6.2285,507.0
5000,0,0.967865,0.029634,9.3e-05,4.3e-05,5.7403,311.15
5000,1,1.139333,0.056243,0.010052,0.001858,5.7403,311.15
5000,2,1.215073,0.116279,0.023461,0.006187,5.7403,311.15
5000,3,1.116168,0.13429,0.057922,0.033558,5.7403,311.15
5000,4,1.099756,0.096661,0.061762,0.017855,5.7403,311.15
5000,5,1.058046,0.114377,0.055635,0.019771,5.7403,311.15
5000,6,1.156225,0.178626,0.048667,0.029641,5.7403,311.15
5000,7,1.360632,0.217267,0.085861,0.033994,5.7403,311.15
5000,8,1.781608,0.365256,0.244549,0.052526,5.7403,311.15
5000,9,1.979399,0.367391,0.201278,0.032086,5.7403,311.15
5000,10,2.027181,0.473383,0.143645,0.034198,5.7403,311.15
5000,11,1.903894,0.487788,0.030056,0.009514,5.7403,311.15
6000,0,0.955522,0.038342,0.000168,7.8e-05,5.4982,244.25
6000,1,1.165231,0.070753,0.011232,0.002158,5.4982,244.25
6000,2,1.242605,0.143182,0.027433,0.008065,5.4982,244.25
6000,3,1.16146,0.163605,0.061915,0.038874,5.4982,244.25
6000,4,1.080502,0.096927,0.058529,0.017286,5.4982,244.25
6000,5,1.090387,0.128927,0.063625,0.022545,5.4982,244.25
6000,6,1.178672,0.199418,0.048245,0.032807,5.4982,244.25
6000,7,1.309658,0.215735,0.079433,0.037651,5.4982,244.25
6000,8,1.677977,0.35321,0.263488,0.061716,5.4982,244.25
6000,9,1.806315,0.316692,0.201188,0.035192,5.4982,244.25
6000,10,1.884112,0.414162,0.205732,0.050555,5.4982,244.25
6000,11,1.862203,0.482819,0.084563,0.030709,5.4982,244.25
7000,0,0.944652,0.049106,0.000201,0.000102,5.3058,201.5
7000,1,1.180805,0.082674,0.010132,0.002209,5.3058,201.5
7000,2,1.242706,0.146926,0.025127,0.00769,5.3058,201.5
7000,3,1.184387,0.149708,0.050518,0.029701,5.3058,201.5
7000,4,1.109753,0.104982,0.051723,0.016781,5.3058,201.5
7000,5,1.082577,0.12696,0.042663,0.020905,5.3058,201.5
7000,6,1.213094,0.234152,0.053138,0.037706,5.3058,201.5
7000,7,1.330753,0.246806,0.085127,0.044176,5.3058,201.5
7000,8,1.629412,0.347582,0.227733,0.055849,5.3058,201.5
7000,9,1.944442,0.383127,0.17328,0.032929,5.3058,201.5
7000,10,1.874069,0.41329,0.228095,0.058103,5.3058,201.5
7000,11,2.023379,0.587572,0.115719,0.046909,5.3058,201.5
8000,0,0.938979,0.057375,0.00023,0.000121,5.2001,181.29
8000,1,1.19461,0.093321,0.014487,0.003105,5.2001,181.29
8000,2,1.25565,0.163829,0.03032,0.009818,5.2001,181.29
8000,3,1.210903,0.178625,0.050265,0.032902,5.2001,181.29
8000,4,1.149219,0.127844,0.067123,0.020361,5.2001,181.29
8000,5,1.10295,0.143119,0.049786,0.026034,5.2001,181.29
8000,6,1.252122,0.259016,0.055731,0.042512,5.2001,181.29
8000,7,1.304577,0.24758,0.077354,0.044942,5.2001,181.29
8000,8,1.806032,0.444832,0.263764,0.06669,5.2001,181.29
8000,9,1.896842,0.375083,0.184313,0.037307,5.2001,181.29
8000,10,1.981192,0.471579,0.289778,0.076741,5.2001,181.29
8000,11,2.138015,0.67297,0.160662,0.07069,5.2001,181.29
9000,0,0.938508,0.064664,0.000237,0.000139,5.1334,169.6
9000,1,1.252397,0.127647,0.015772,0.003648,5.1334,169.6
9000,2,1.312342,0.198012,0.028563,0.010127,5.1334,169.6
9000,3,1.240631,0.180396,0.060281,0.03637,5.1334,169.6
9000,4,1.167801,0.125727,0.050855,0.017009,5.1334,169.6
9000,5,1.159567,0.166454,0.055354,0.029219,5.1334,169.6
9000,6,1.250766,0.275248,0.058444,0.045589,5.1334,169.6
9000,7,1.31821,0.279067,0.080719,0.051938,5.1334,169.6
9000,8,1.623491,0.370684,0.209334,0.057118,5.1334,169.6
9000,9,1.852589,0.367288,0.189031,0.040552,5.1334,169.6
9000,10,1.915152,0.442624,0.274931,0.075419,5.1334,169.6
9000,11,2.159397,0.682667,0.193172,0.087988,5.1334,169.6
10000,0,0.938173,0.070496,0.000261,0.000167,5.0505,156.1
10000,1,1.223037,0.121723,0.016406,0.004242,5.0505,156.1
10000,2,1.285942,0.192837,0.034382,0.010751,5.0505,156.1
10000,3,1.283804,0.192508,0.055613,0.034691,5.0505,156.1
10000,4,1.213584,0.137502,0.048809,0.017504,5.0505,156.1
10000,5,1.159717,0.173162,0.055031,0.032368,5.0505,156.1
10000,6,1.311024,0.321057,0.065162,0.052595,5.0505,156.1
10000,7,1.306159,0.281156,0.081719,0.054386,5.0505,156.1
10000,8,1.810419,0.482322,0.228817,0.064478,5.0505,156.1
10000,9,1.789336,0.352258,0.197644,0.043902,5.0505,156.1
10000,10,1.98923,0.485019,0.243311,0.068949,5.0505,156.1
10000,11,2.221656,0.720252,0.219086,0.101498,5.0505,156.1
11000,0,0.940541,0.077408,0.000302,0.000194,4.9701,144.04
11000,1,1.25624,0.147231,0.015651,0.004361,4.9701,144.04
11000,2,1.299711,0.214693,0.039045,0.012208,4.9701,144.04
11000,3,1.281317,0.182343,0.046026,0.027293,4.9701,144.04
11000,4,1.202317,0.126986,0.03393,0.013149,4.9701,144.04
11000,5,1.147048,0.173134,0.053507,0.031802,4.9701,144.04
11000,6,1.263938,0.281693,0.059593,0.049798,4.9701,144.04
11000,7,1.261739,0.262976,0.07293,0.051745,4.9701,144.04
11000,8,1.573274,0.367567,0.155927,0.05024,4.9701,144.04
11000,9,1.711249,0.325187,0.177387,0.041639,4.9701,144.04
11000,10,1.975963,0.480319,0.253693,0.072905,4.9701,144.04
11000,11,2.166,0.68029,0.228313,0.104137,4.9701,144.04
12000,0,0.940028,0.085206,0.000319,0.000218,4.9567,142.12
12000,1,1.288931,0.174526,0.015491,0.005038,4.9567,142.12
12000,2,1.336599,0.234536,0.038581,0.012791,4.9567,142.12
12000,3,1.284244,0.178531,0.045951,0.027165,4.9567,142.12
12000,4,1.237822,0.13951,0.036552,0.015172,4.9567,142.12
12000,5,1.195385,0.188953,0.059127,0.03666,4.9567,142.12
12000,6,1.306619,0.317044,0.061705,0.053944,4.9567,142.12
12000,7,1.258792,0.276742,0.074436,0.05351,4.9567,142.12
12000,8,1.566282,0.376621,0.162667,0.05188,4.9567,142.12
12000,9,1.658797,0.308931,0.174124,0.042198,4.9567,142.12
12000,10,1.95525,0.475734,0.280988,0.08213,4.9567,142.12
12000,11,2.206851,0.7035,0.287116,0.13183,4.9567,142.12
13000,0,0.94557,0.090608,0.000327,0.000219,4.9032,134.72
13000,1,1.25727,0.161385,0.014105,0.004632,4.9032,134.72
13000,2,1.332084,0.239382,0.035857,0.01312,4.9032,134.72
13000,3,1.325995,0.194968,0.047293,0.02795,4.9032,134.72
13000,4,1.249518,0.136976,0.033029,0.01461,4.9032,134.72
13000,5,1.200543,0.189688,0.056894,0.037272,4.9032,134.72
13000,6,1.328872,0.338259,0.062926,0.05602,4.9032,134.72
13000,7,1.312152,0.313588,0.075654,0.057083,4.9032,134.72
13000,8,1.508666,0.354452,0.174083,0.055644,4.9032,134.72
13000,9,1.847133,0.400682,0.18051,0.045209,4.9032,134.72
13000,10,2.061391,0.53718,0.281072,0.084457,4.9032,134.72
13000,11,2.202205,0.700795,0.345199,0.158392,4.9032,134.72
14000,0,0.95665,0.089572,0.000302,0.000194,4.8497,127.7
14000,1,1.269765,0.176095,0.016457,0.005541,4.8497,127.7
14000,2,1.321427,0.247215,0.034268,0.013066,4.8497,127.7
14000,3,1.332058,0.186376,0.043875,0.025773,4.8497,127.7
14000,4,1.277633,0.145606,0.029603,0.013759,4.8497,127.7
14000,5,1.217469,0.196142,0.055533,0.036572,4.8497,127.7
14000,6,1.328054,0.342774,0.060793,0.055442,4.8497,127.7
14000,7,1.335273,0.335554,0.072657,0.057055,4.8497,127.7
14000,8,1.611725,0.401385,0.170025,0.055499,4.8497,127.7
14000,9,1.7348,0.36049,0.183381,0.047413,4.8497,127.7
14000,10,2.097278,0.56053,0.266129,0.082551,4.8497,127.7
14000,11,2.347996,0.785815,0.342578,0.156358,4.8497,127.7
15000,0,0.959473,0.098224,0.000358,0.000228,4.8123,123.01
15000,1,1.29012,0.192396,0.016085,0.005603,4.8123,123.01
15000,2,1.357267,0.269879,0.035488,0.013523,4.8123,123.01
15000,3,1.358584,0.194118,0.040781,0.023313,4.8123,123.01
15000,4,1.290169,0.14706,0.02863,0.013674,4.8123,123.01
15000,5,1.217875,0.198486,0.052213,0.036172,4.8123,123.01
15000,6,1.316015,0.330356,0.061445,0.056896,4.8123,123.01
15000,7,1.288848,0.311026,0.070937,0.055982,4.8123,123.01
15000,8,1.545727,0.377775,0.160617,0.055509,4.8123,123.01
15000,9,1.794394,0.392164,0.194025,0.050815,4.8123,123.01
15000,10,2.056394,0.539811,0.286755,0.089851,4.8123,123.01
15000,11,2.301933,0.747691,0.386744,0.173072,4.8123,123.01
16000,0,0.960937,0.106554,0.000494,0.000324,4.7708,118.01
16000,1,1.284947,0.196883,0.017117,0.006062,4.7708,118.01
16000,2,1.335709,0.263407,0.034901,0.013198,4.7708,118.01
16000,3,1.366086,0.190968,0.04307,0.023489,4.7708,118.01
16000,4,1.285376,0.1508,0.03162,0.015065,4.7708,118.01
16000,5,1.255446,0.207687,0.055438,0.038318,4.7708,118.01
16000,6,1.323408,0.341738,0.061747,0.058066,4.7708,118.01
16000,7,1.290344,0.320603,0.076025,0.060133,4.7708,118.01
16000,8,1.574705,0.398759,0.176737,0.057525,4.7708,118.01
16000,9,1.812295,0.407049,0.185999,0.049751,4.7708,118.01
16000,10,2.107958,0.574728,0.292031,0.093162,4.7708,118.01
16000,11,2.334825,0.758566,0.369998,0.16365,4.7708,118.01
17000,0,0.967421,0.108606,0.000471,0.000293,4.6913,108.99
17000,1,1.29668,0.211229,0.016122,0.006047,4.6913,108.99
17000,2,1.332557,0.263005,0.036971,0.014062,4.6913,108.99
17000,3,1.374243,0.188035,0.037991,0.020599,4.6913,108.99
17000,4,1.309843,0.151364,0.028658,0.014093,4.6913,108.99
17000,5,1.287767,0.218725,0.058856,0.040513,4.6913,108.99
17000,6,1.351098,0.36236,0.061313,0.058279,4.6913,108.99
17000,7,1.292247,0.322871,0.069083,0.056418,4.6913,108.99
17000,8,1.495246,0.368061,0.156484,0.056132,4.6913,108.99
17000,9,1.708826,0.368604,0.204005,0.055419,4.6913,108.99
17000,10,1.904643,0.471459,0.273204,0.08706,4.6913,108.99
17000,11,2.229947,0.685807,0.37737,0.16374,4.6913,108.99
18000,0,0.970034,0.119123,0.000589,0.000376,4.709,110.95
18000,1,1.286884,0.213536,0.01549,0.006165,4.709,110.95
18000,2,1.367399,0.271749,0.033409,0.013594,4.709,110.95
18000,3,1.399185,0.197008,0.041209,0.021832,4.709,110.95
18000,4,1.325871,0.153339,0.028113,0.014289,4.709,110.95
18000,5,1.271541,0.217917,0.060506,0.042544,4.709,110.95
18000,6,1.353847,0.363483,0.058429,0.057387,4.709,110.95
18000,7,1.269381,0.309466,0.070708,0.056746,4.709,110.95
18000,8,1.486025,0.366789,0.175044,0.059395,4.709,110.95
18000,9,1.713578,0.376079,0.215792,0.058652,4.709,110.95
18000,10,1.987276,0.520309,0.272831,0.089174,4.709,110.95
18000,11,2.304553,0.727694,0.42648,0.184086,4.709,110.95
19000,0,0.98202,0.114604,0.000597,0.000351,4.7083,110.87
19000,1,1.286341,0.217209,0.016816,0.006635,4.7083,110.87
19000,2,1.326595,0.277981,0.036653,0.015648,4.7083,110.87
19000,3,1.377231,0.183366,0.035715,0.018459,4.7083,110.87
19000,4,1.347616,0.162658,0.028265,0.014876,4.7083,110.87
19000,5,1.287799,0.220863,0.06253,0.041867,4.7083,110.87
19000,6,1.324239,0.338431,0.05926,0.057672,4.7083,110.87
19000,7,1.248399,0.303274,0.072553,0.057193,4.7083,110.87
19000,8,1.501053,0.376584,0.172836,0.058598,4.7083,110.87
19000,9,1.822227,0.428694,0.192971,0.054157,4.7083,110.87
19000,10,2.061024,0.560413,0.316662,0.103972,4.7083,110.87
19000,11,2.436049,0.802094,0.376888,0.16338,4.7083,110.87
20000,0,0.985186,0.122308,0.000794,0.000478,4.6878,108.61
20000,1,1.322079,0.238589,0.014906,0.006104,4.6878,108.61
20000,2,1.351345,0.295412,0.039851,0.015842,4.6878,108.61
20000,3,1.408848,0.191475,0.035995,0.018887,4.6878,108.61
20000,4,1.348213,0.159373,0.023818,0.012537,4.6878,108.61
20000,5,1.278556,0.216686,0.06091,0.04008,4.6878,108.61
20000,6,1.344271,0.359807,0.061167,0.060184,4.6878,108.61
20000,7,1.237741,0.298648,0.072517,0.057574,4.6878,108.61
20000,8,1.470305,0.36386,0.165293,0.058267,4.6878,108.61
20000,9,1.727331,0.388852,0.188767,0.053058,4.6878,108.61
20000,10,1.942585,0.501802,0.282201,0.093863,4.6878,108.61
20000,11,2.258763,0.688128,0.425682,0.17891,4.6878,108.61
21000,0,0.991743,0.127797,0.00091,0.000534,4.6617,105.82
21000,1,1.3504,0.257016,0.018607,0.007521,4.6617,105.82
21000,2,1.356632,0.306655,0.04051,0.01598,4.6617,105.82
21000,3,1.416021,0.19306,0.034585,0.017307,4.6617,105.82
21000,4,1.337564,0.152484,0.026179,0.013285,4.6617,105.82
21000,5,1.28893,0.213093,0.058832,0.039143,4.6617,105.82
21000,6,1.361543,0.368962,0.055985,0.056349,4.6617,105.82
21000,7,1.266518,0.313131,0.076845,0.059723,4.6617,105.82
21000,8,1.491487,0.367197,0.179067,0.058882,4.6617,105.82
21000,9,1.809534,0.429691,0.19571,0.054329,4.6617,105.82
21000,10,2.073581,0.575998,0.269658,0.091009,4.6617,105.82
21000,11,2.437112,0.790008,0.485644,0.200477,4.6617,105.82
22000,0,0.997302,0.130211,0.000994,0.000578,4.6329,102.81
22000,1,1.33409,0.251648,0.01835,0.007592,4.6329,102.81
22000,2,1.402452,0.307738,0.035453,0.014564,4.6329,102.81
22000,3,1.422237,0.190743,0.034039,0.016975,4.6329,102.81
22000,4,1.384046,0.165002,0.025989,0.013279,4.6329,102.81
22000,5,1.30373,0.223611,0.055489,0.038784,4.6329,102.81
22000,6,1.400573,0.398054,0.062602,0.061446,4.6329,102.81
22000,7,1.348609,0.366484,0.084311,0.066568,4.6329,102.81
22000,8,1.579928,0.41287,0.161708,0.056044,4.6329,102.81
22000,9,1.731423,0.393251,0.198658,0.055738,4.6329,102.81
22000,10,2.069158,0.575645,0.292515,0.099781,4.6329,102.81
22000,11,2.403034,0.762423,0.517161,0.211168,4.6329,102.81
23000,0,0.997643,0.135867,0.001174,0.000583,4.6513,104.72
23000,1,1.324062,0.254631,0.01939,0.008168,4.6513,104.72
23000,2,1.387385,0.30893,0.038284,0.015134,4.6513,104.72
23000,3,1.408353,0.185471,0.033411,0.016894,4.6513,104.72
23000,4,1.391787,0.16711,0.02333,0.012771,4.6513,104.72
23000,5,1.30758,0.221732,0.067075,0.04385,4.6513,104.72
23000,6,1.374892,0.383442,0.062014,0.061165,4.6513,104.72
23000,7,1.216147,0.300508,0.083513,0.062668,4.6513,104.72
23000,8,1.521523,0.38981,0.172524,0.058439,4.6513,104.72
23000,9,1.733373,0.40084,0.21247,0.060508,4.6513,104.72
23000,10,2.026193,0.556847,0.302351,0.103532,4.6513,104.72
23000,11,2.453887,0.787211,0.527821,0.214828,4.6513,104.72
24000,0,1.005258,0.134137,0.001351,0.000753,4.5701,96.55
24000,1,1.3079,0.249111,0.017812,0.007818,4.5701,96.55
24000,2,1.406492,0.317448,0.038472,0.015856,4.5701,96.55
24000,3,1.464048,0.201883,0.035038,0.01735,4.5701,96.55
24000,4,1.382695,0.164857,0.024113,0.013404,4.5701,96.55
24000,5,1.313756,0.223857,0.061959,0.041149,4.5701,96.55
24000,6,1.405197,0.399132,0.059347,0.059722,4.5701,96.55
24000,7,1.304636,0.340099,0.078957,0.060657,4.5701,96.55
24000,8,1.530367,0.397095,0.172383,0.058559,4.5701,96.55
24000,9,1.672869,0.379697,0.211188,0.059913,4.5701,96.55
24000,10,2.028873,0.559618,0.292512,0.100511,4.5701,96.55
24000,11,2.473158,0.795184,0.519447,0.207778,4.5701,96.55
25000,0,1.011907,0.137452,0.001475,0.000773,4.5739,96.92
25000,1,1.334126,0.260589,0.018764,0.008006,4.5739,96.92
25000,2,1.384,0.301975,0.038387,0.016011,4.5739,96.92
25000,3,1.459835,0.193651,0.032532,0.015855,4.5739,96.92
25000,4,1.419763,0.172548,0.025497,0.013721,4.5739,96.92
25000,5,1.333561,0.231101,0.064344,0.043012,4.5739,96.92
25000,6,1.412635,0.405207,0.062606,0.0622,4.5739,96.92
25000,7,1.327386,0.355656,0.078229,0.061095,4.5739,96.92
25000,8,1.57447,0.412616,0.149065,0.053876,4.5739,96.92
25000,9,1.709048,0.392756,0.196127,0.055942,4.5739,96.92
25000,10,2.096166,0.597634,0.309206,0.105737,4.5739,96.92
25000,11,2.52897,0.819541,0.582286,0.231114,4.5739,96.92
26000,0,1.01436,0.14371,0.001551,0.000787,4.5159,91.46
26000,1,1.340745,0.272995,0.017769,0.008139,4.5159,91.46
26000,2,1.42131,0.312548,0.035183,0.014015,4.5159,91.46
26000,3,1.463425,0.196274,0.029849,0.014709,4.5159,91.46
26000,4,1.41545,0.167493,0.02429,0.013015,4.5159,91.46
26000,5,1.338779,0.230348,0.06408,0.04317,4.5159,91.46
26000,6,1.438782,0.430393,0.062833,0.06395,4.5159,91.46
26000,7,1.342549,0.370271,0.08088,0.062956,4.5159,91.46
26000,8,1.6286,0.447787,0.173417,0.057917,4.5159,91.46
26000,9,1.715923,0.398759,0.214222,0.060217,4.5159,91.46
26000,10,2.079202,0.589057,0.290045,0.099406,4.5159,91.46
26000,11,2.493141,0.792669,0.547961,0.213305,4.5159,91.46
27000,0,1.020275,0.14802,0.001758,0.000919,4.5418,93.86
27000,1,1.351938,0.276805,0.018522,0.00796,4.5418,93.86
27000,2,1.401243,0.318318,0.038561,0.015821,4.5418,93.86
27000,3,1.459626,0.198429,0.032981,0.015874,4.5418,93.86
27000,4,1.419837,0.168784,0.024739,0.013142,4.5418,93.86
27000,5,1.347362,0.227479,0.060461,0.040368,4.5418,93.86
27000,6,1.399746,0.398968,0.059972,0.059742,4.5418,93.86
27000,7,1.352061,0.367673,0.077278,0.059971,4.5418,93.86
27000,8,1.638059,0.444553,0.164455,0.055154,4.5418,93.86
27000,9,1.8067,0.44058,0.207826,0.058807,4.5418,93.86
27000,10,2.05853,0.579105,0.311187,0.107637,4.5418,93.86
27000,11,2.597342,0.848886,0.526303,0.203708,4.5418,93.86
28000,0,1.022482,0.152211,0.001889,0.001017,4.5177,91.62
28000,1,1.34966,0.277124,0.01729,0.007694,4.5177,91.62
28000,2,1.426028,0.327875,0.03838,0.015928,4.5177,91.62
28000,3,1.481217,0.196206,0.030348,0.014558,4.5177,91.62
28000,4,1.426343,0.16977,0.026516,0.013317,4.5177,91.62
28000,5,1.338667,0.221315,0.057592,0.038356,4.5177,91.62
28000,6,1.413856,0.398674,0.05693,0.056931,4.5177,91.62
28000,7,1.276402,0.322075,0.072512,0.054911,4.5177,91.62
28000,8,1.50173,0.383166,0.141695,0.052248,4.5177,91.62
28000,9,1.673489,0.387257,0.195831,0.056039,4.5177,91.62
28000,10,1.975474,0.539427,0.288183,0.099255,4.5177,91.62
28000,11,2.452935,0.759912,0.515266,0.197097,4.5177,91.62
29000,0,1.025543,0.15277,0.002209,0.001123,4.484,88.59
29000,1,1.363017,0.281551,0.018296,0.008231,4.484,88.59
29000,2,1.426998,0.329659,0.041858,0.015663,4.484,88.59
29000,3,1.467727,0.192619,0.031607,0.014931,4.484,88.59
29000,4,1.452793,0.17172,0.025492,0.01292,4.484,88.59
29000,5,1.360896,0.23284,0.059886,0.040232,4.484,88.59
29000,6,1.448775,0.427081,0.0636,0.062813,4.484,88.59
29000,7,1.336961,0.35823,0.074727,0.058226,4.484,88.59
29000,8,1.562713,0.407651,0.152995,0.052693,4.484,88.59
29000,9,1.696147,0.390505,0.179246,0.0516,4.484,88.59
29000,10,2.066334,0.590697,0.269071,0.09352,4.484,88.59
29000,11,2.496471,0.786215,0.566107,0.214195,4.484,88.59
30000,0,1.033972,0.153495,0.002197,0.001084,4.487,88.85
30000,1,1.37039,0.29169,0.018051,0.008052,4.487,88.85
30000,2,1.473772,0.33852,0.03788,0.015464,4.487,88.85
30000,3,1.47963,0.194949,0.033373,0.015209,4.487,88.85
30000,4,1.464766,0.174962,0.024027,0.012347,4.487,88.85
30000,5,1.367616,0.234553,0.059265,0.039929,4.487,88.85
30000,6,1.458905,0.428104,0.059687,0.059811,4.487,88.85
30000,7,1.377831,0.383195,0.081512,0.061198,4.487,88.85
30000,8,1.596726,0.425039,0.166615,0.055962,4.487,88.85
30000,9,1.773902,0.425061,0.196713,0.055616,4.487,88.85
30000,10,2.093176,0.608309,0.326732,0.111944,4.487,88.85
30000,11,2.608044,0.844119,0.678286,0.256104,4.487,88.85
31000,0,1.038779,0.15318,0.00233,0.001154,4.4964,89.69
31000,1,1.382965,0.296368,0.019609,0.008631,4.4964,89.69
31000,2,1.474842,0.351756,0.039228,0.015764,4.4964,89.69
31000,3,1.491387,0.198077,0.03204,0.015191,4.4964,89.69
31000,4,1.470576,0.175376,0.025258,0.012912,4.4964,89.69
31000,5,1.392255,0.237511,0.067334,0.043162,4.4964,89.69
31000,6,1.468565,0.441772,0.063238,0.062279,4.4964,89.69
31000,7,1.368439,0.373821,0.079964,0.059405,4.4964,89.69
31000,8,1.603509,0.427654,0.155177,0.054575,4.4964,89.69
31000,9,1.755324,0.419182,0.193719,0.055546,4.4964,89.69
31000,10,2.069238,0.594813,0.295516,0.102358,4.4964,89.69
31000,11,2.48826,0.77299,0.612196,0.227324,4.4964,89.69
32000,0,1.042466,0.156032,0.002579,0.001313,4.4818,88.39
32000,1,1.3788,0.294041,0.0181,0.007984,4.4818,88.39
32000,2,1.446133,0.335418,0.038186,0.015301,4.4818,88.39
32000,3,1.476492,0.189707,0.031439,0.014242,4.4818,88.39
32000,4,1.470071,0.174323,0.024064,0.012012,4.4818,88.39
32000,5,1.396295,0.234982,0.061931,0.039547,4.4818,88.39
32000,6,1.466814,0.436893,0.06224,0.061241,4.4818,88.39
32000,7,1.344143,0.36165,0.082281,0.059385,4.4818,88.39
32000,8,1.569509,0.413225,0.154891,0.054177,4.4818,88.39
32000,9,1.705057,0.396703,0.192142,0.054582,4.4818,88.39
32000,10,2.032596,0.575291,0.287297,0.099324,4.4818,88.39
32000,11,2.495595,0.772052,0.617068,0.227062,4.4818,88.39
33000,0,1.042684,0.161034,0.00262,0.001284,4.4751,87.81
33000,1,1.383057,0.29948,0.01933,0.008633,4.4751,87.81
33000,2,1.469958,0.346483,0.038661,0.015672,4.4751,87.81
33000,3,1.482819,0.190069,0.030686,0.013786,4.4751,87.81
33000,4,1.503989,0.181131,0.02336,0.011643,4.4751,87.81
33000,5,1.396101,0.23365,0.060427,0.039735,4.4751,87.81
33000,6,1.479256,0.44351,0.060393,0.059663,4.4751,87.81
33000,7,1.37776,0.378157,0.079391,0.058146,4.4751,87.81
33000,8,1.618365,0.435002,0.151446,0.051229,4.4751,87.81
33000,9,1.756404,0.421644,0.193705,0.055503,4.4751,87.81
33000,10,2.11036,0.620256,0.305692,0.105634,4.4751,87.81
33000,11,2.544788,0.791419,0.608076,0.221793,4.4751,87.81
34000,0,1.044165,0.162126,0.002797,0.001359,4.4551,86.06
34000,1,1.389058,0.300525,0.018322,0.008437,4.4551,86.06
34000,2,1.477169,0.353243,0.037835,0.015591,4.4551,86.06
34000,3,1.505527,0.196818,0.029758,0.013999,4.4551,86.06
34000,4,1.483186,0.176243,0.023716,0.011674,4.4551,86.06
34000,5,1.399089,0.236143,0.063244,0.040221,4.4551,86.06
34000,6,1.473127,0.435897,0.058373,0.057775,4.4551,86.06
34000,7,1.358136,0.362852,0.077046,0.055556,4.4551,86.06
34000,8,1.5835,0.416728,0.15481,0.051842,4.4551,86.06
34000,9,1.76373,0.421578,0.193377,0.054646,4.4551,86.06
34000,10,2.067621,0.596898,0.321275,0.110254,4.4551,86.06
34000,11,2.584208,0.811347,0.588717,0.214687,4.4551,86.06
35000,0,1.049778,0.165033,0.002889,0.001429,4.4477,85.43
35000,1,1.390651,0.299033,0.01673,0.007686,4.4477,85.43
35000,2,1.482221,0.354978,0.037366,0.0151,4.4477,85.43
35000,3,1.515016,0.200649,0.030235,0.013662,4.4477,85.43
35000,4,1.50681,0.180028,0.023696,0.011429,4.4477,85.43
35000,5,1.384966,0.231506,0.062978,0.040521,4.4477,85.43
35000,6,1.480245,0.439448,0.059996,0.058508,4.4477,85.43
35000,7,1.402221,0.38643,0.074899,0.055636,4.4477,85.43
35000,8,1.584702,0.412752,0.145459,0.049455,4.4477,85.43
35000,9,1.789381,0.431483,0.18303,0.051958,4.4477,85.43
35000,10,2.054234,0.590188,0.303057,0.104367,4.4477,85.43
35000,11,2.620368,0.828403,0.631283,0.227286,4.4477,85.43
36000,0,1.048204,0.164117,0.003052,0.001537,4.4629,86.74
36000,1,1.397814,0.305576,0.017697,0.00817,4.4629,86.74
36000,2,1.4738,0.346742,0.037512,0.015096,4.4629,86.74
36000,3,1.530565,0.202182,0.030058,0.013414,4.4629,86.74
36000,4,1.494637,0.178334,0.024464,0.011641,4.4629,86.74
36000,5,1.4218,0.236336,0.064238,0.039626,4.4629,86.74
36000,6,1.496494,0.44894,0.060569,0.05841,4.4629,86.74
36000,7,1.396254,0.384102,0.076242,0.055215,4.4629,86.74
36000,8,1.578616,0.41147,0.150558,0.050613,4.4629,86.74
36000,9,1.741306,0.412416,0.195092,0.055427,4.4629,86.74
36000,10,2.096617,0.612154,0.290158,0.100446,4.4629,86.74
36000,11,2.618526,0.824183,0.620853,0.223328,4.4629,86.74
37000,0,1.05296,0.164814,0.003176,0.001561,4.4271,83.69
37000,1,1.404323,0.30687,0.018428,0.00826,4.4271,83.69
37000,2,1.470908,0.346247,0.038911,0.014795,4.4271,83.69
37000,3,1.525946,0.199735,0.027022,0.012212,4.4271,83.69
37000,4,1.510747,0.179076,0.024549,0.011485,4.4271,83.69
37000,5,1.429564,0.243636,0.065178,0.041105,4.4271,83.69
37000,6,1.500112,0.452459,0.060811,0.058903,4.4271,83.69
37000,7,1.398219,0.385705,0.077287,0.055823,4.4271,83.69
37000,8,1.564641,0.406877,0.147424,0.050253,4.4271,83.69
37000,9,1.745746,0.414056,0.179415,0.051399,4.4271,83.69
37000,10,2.087222,0.609396,0.299217,0.103671,4.4271,83.69
37000,11,2.6102,0.816172,0.655974,0.233588,4.4271,83.69
38000,0,1.053086,0.168275,0.003185,0.001605,4.438,84.61
38000,1,1.4068,0.310617,0.017016,0.007825,4.438,84.61
38000,2,1.477243,0.348042,0.041649,0.015766,4.438,84.61
38000,3,1.524465,0.196495,0.030676,0.013224,4.438,84.61
38000,4,1.505975,0.175861,0.023256,0.011002,4.438,84.61
38000,5,1.417533,0.236816,0.063657,0.039466,4.438,84.61
38000,6,1.490629,0.440092,0.058292,0.056541,4.438,84.61
38000,7,1.369963,0.365176,0.078287,0.054246,4.438,84.61
38000,8,1.554185,0.40285,0.16668,0.05299,4.438,84.61
38000,9,1.752579,0.416791,0.186375,0.052526,4.438,84.61
38000,10,2.08667,0.608549,0.290717,0.101026,4.438,84.61
38000,11,2.635215,0.827259,0.598245,0.214229,4.438,84.61
39000,0,1.056026,0.167341,0.00332,0.001669,4.4069,82.01
39000,1,1.418041,0.318614,0.01728,0.007879,4.4069,82.01
39000,2,1.475758,0.352434,0.040993,0.015457,4.4069,82.01
39000,3,1.53878,0.200687,0.028195,0.012506,4.4069,82.01
39000,4,1.52202,0.181124,0.025804,0.011879,4.4069,82.01
39000,5,1.436716,0.239538,0.063968,0.039737,4.4069,82.01
39000,6,1.499168,0.442231,0.057262,0.054827,4.4069,82.01
39000,7,1.389564,0.375839,0.077996,0.054627,4.4069,82.01
39000,8,1.571935,0.41089,0.156848,0.051679,4.4069,82.01
39000,9,1.692715,0.391344,0.182345,0.051383,4.4069,82.01
39000,10,2.074729,0.601476,0.296887,0.102621,4.4069,82.01
39000,11,2.641493,0.830698,0.613422,0.218613,4.4069,82.01
40000,0,1.057756,0.170311,0.003397,0.001747,4.4025,81.65
40000,1,1.388405,0.305029,0.017351,0.007876,4.4025,81.65
40000,2,1.49883,0.352422,0.038743,0.014295,4.4025,81.65
40000,3,1.547225,0.20003,0.028004,0.012399,4.4025,81.65
40000,4,1.534521,0.181604,0.023297,0.01111,4.4025,81.65
40000,5,1.437695,0.239353,0.060982,0.038164,4.4025,81.65
40000,6,1.504303,0.449666,0.058539,0.055958,4.4025,81.65
40000,7,1.408711,0.38608,0.076663,0.054263,4.4025,81.65
40000,8,1.621382,0.425329,0.14471,0.048831,4.4025,81.65
40000,9,1.762571,0.419955,0.185202,0.05204,4.4025,81.65
40000,10,2.098413,0.615354,0.290921,0.100735,4.4025,81.65
40000,11,2.678082,0.84879,0.629511,0.224172,4.4025,81.65
41000,0,1.059373,0.170593,0.003373,0.001738,4.419,83.01
41000,1,1.413076,0.31624,0.016865,0.007827,4.419,83.01
41000,2,1.489863,0.355304,0.041388,0.015221,4.419,83.01
41000,3,1.540338,0.199351,0.029517,0.012798,4.419,83.01
41000,4,1.525567,0.18055,0.023782,0.010959,4.419,83.01
41000,5,1.442678,0.240533,0.062873,0.038807,4.419,83.01
41000,6,1.50492,0.447592,0.057075,0.055045,4.419,83.01
41000,7,1.374769,0.362228,0.074691,0.052073,4.419,83.01
41000,8,1.574738,0.405583,0.143294,0.047581,4.419,83.01
41000,9,1.793439,0.432269,0.182828,0.051564,4.419,83.01
41000,10,2.121189,0.628294,0.289697,0.100357,4.419,83.01
41000,11,2.633244,0.822956,0.591396,0.209074,4.419,83.01
42000,0,1.05901,0.172718,0.00349,0.001794,4.4038,81.76
42000,1,1.413611,0.31736,0.016879,0.007866,4.4038,81.76
42000,2,1.481439,0.351543,0.038461,0.014561,4.4038,81.76
42000,3,1.550367,0.203423,0.029012,0.012884,4.4038,81.76
42000,4,1.536586,0.18133,0.023315,0.011076,4.4038,81.76
42000,5,1.46028,0.24739,0.064011,0.039709,4.4038,81.76
42000,6,1.511267,0.451903,0.05849,0.055581,4.4038,81.76
42000,7,1.393166,0.373463,0.072624,0.051082,4.4038,81.76
42000,8,1.584074,0.411033,0.141394,0.04732,4.4038,81.76
42000,9,1.733857,0.407655,0.185944,0.052201,4.4038,81.76
42000,10,2.09332,0.615658,0.28271,0.098116,4.4038,81.76
42000,11,2.639201,0.825261,0.592317,0.209529,4.4038,81.76
43000,0,1.060748,0.174812,0.003668,0.001934,4.4089,82.18
43000,1,1.410784,0.31635,0.016832,0.007734,4.4089,82.18
43000,2,1.502434,0.359768,0.038065,0.013994,4.4089,82.18
43000,3,1.543956,0.199381,0.028609,0.012284,4.4089,82.18
43000,4,1.525321,0.178256,0.022379,0.010724,4.4089,82.18
43000,5,1.45409,0.245089,0.065867,0.040385,4.4089,82.18
43000,6,1.518773,0.456127,0.059231,0.05614,4.4089,82.18
43000,7,1.395051,0.371955,0.073794,0.051291,4.4089,82.18
43000,8,1.56691,0.40398,0.147623,0.048272,4.4089,82.18
43000,9,1.751677,0.415384,0.175169,0.04966,4.4089,82.18
43000,10,2.092736,0.615907,0.280053,0.097126,4.4089,82.18
43000,11,2.617726,0.812431,0.616924,0.216598,4.4089,82.18
44000,0,1.062728,0.174799,0.003722,0.001987,4.4092,82.2
44000,1,1.408303,0.316539,0.017598,0.008272,4.4092,82.2
44000,2,1.497044,0.35945,0.037893,0.01426,4.4092,82.2
44000,3,1.555515,0.202876,0.028813,0.012708,4.4092,82.2
44000,4,1.532407,0.180123,0.022923,0.010798,4.4092,82.2
44000,5,1.465657,0.245314,0.066375,0.040242,4.4092,82.2
44000,6,1.511843,0.451299,0.057215,0.054142,4.4092,82.2
44000,7,1.414688,0.381989,0.070983,0.050218,4.4092,82.2
44000,8,1.579858,0.407355,0.146076,0.048279,4.4092,82.2
44000,9,1.745296,0.411937,0.172809,0.048656,4.4092,82.2
44000,10,2.088309,0.614481,0.280368,0.097516,4.4092,82.2
44000,11,2.631131,0.820012,0.612505,0.214724,4.4092,82.2
45000,0,1.062665,0.175527,0.003613,0.001887,4.4039,81.77
45000,1,1.411502,0.314619,0.017442,0.007939,4.4039,81.77
45000,2,1.493735,0.355798,0.03821,0.014259,4.4039,81.77
45000,3,1.551356,0.201415,0.028829,0.012578,4.4039,81.77
45000,4,1.53595,0.178564,0.022629,0.010461,4.4039,81.77
45000,5,1.453771,0.241665,0.065374,0.039294,4.4039,81.77
45000,6,1.519477,0.452378,0.056154,0.053269,4.4039,81.77
45000,7,1.402283,0.375217,0.074692,0.051606,4.4039,81.77
45000,8,1.581737,0.410937,0.146464,0.048424,4.4039,81.77
45000,9,1.741867,0.411141,0.176597,0.049667,4.4039,81.77
45000,10,2.090413,0.613333,0.277718,0.097041,4.4039,81.77
45000,11,2.632161,0.81993,0.607286,0.212804,4.4039,81.77
46000,0,1.065017,0.176274,0.003755,0.00198,4.3906,80.69
46000,1,1.41138,0.319814,0.017422,0.008145,4.3906,80.69
46000,2,1.508661,0.362468,0.037541,0.013728,4.3906,80.69
46000,3,1.563102,0.203802,0.02928,0.012677,4.3906,80.69
46000,4,1.538842,0.179741,0.022001,0.010254,4.3906,80.69
46000,5,1.463277,0.243509,0.064569,0.038916,4.3906,80.69
46000,6,1.517429,0.451338,0.056851,0.053505,4.3906,80.69
46000,7,1.402259,0.374202,0.072787,0.050365,4.3906,80.69
46000,8,1.572983,0.408439,0.146678,0.048227,4.3906,80.69
46000,9,1.746642,0.414462,0.169462,0.048072,4.3906,80.69
46000,10,2.078112,0.61148,0.277108,0.096503,4.3906,80.69
46000,11,2.687021,0.84736,0.619382,0.216929,4.3906,80.69
47000,0,1.064899,0.178241,0.003686,0.001933,4.3901,80.65
47000,1,1.414444,0.316801,0.016826,0.007824,4.3901,80.65
47000,2,1.507406,0.365837,0.038421,0.014643,4.3901,80.65
47000,3,1.557216,0.202232,0.028878,0.012487,4.3901,80.65
47000,4,1.547865,0.178884,0.023297,0.010414,4.3901,80.65
47000,5,1.465142,0.242991,0.063234,0.038272,4.3901,80.65
47000,6,1.525167,0.455349,0.057029,0.053509,4.3901,80.65
47000,7,1.400322,0.373989,0.077414,0.052088,4.3901,80.65
47000,8,1.595442,0.414887,0.148616,0.048042,4.3901,80.65
47000,9,1.738401,0.41127,0.175798,0.049532,4.3901,80.65
47000,10,2.067523,0.605115,0.276024,0.095982,4.3901,80.65
47000,11,2.642012,0.821645,0.617393,0.215238,4.3901,80.65
48000,0,1.066944,0.179431,0.004015,0.002189,4.3953,81.07
48000,1,1.424215,0.320642,0.016605,0.007735,4.3953,81.07
48000,2,1.500065,0.358031,0.040305,0.014511,4.3953,81.07
48000,3,1.578538,0.207401,0.029431,0.012885,4.3953,81.07
48000,4,1.550055,0.181626,0.023781,0.010388,4.3953,81.07
48000,5,1.457262,0.240358,0.063047,0.038107,4.3953,81.07
48000,6,1.515062,0.447905,0.055937,0.05256,4.3953,81.07
48000,7,1.383868,0.362541,0.0748,0.050456,4.3953,81.07
48000,8,1.557686,0.399859,0.146871,0.047962,4.3953,81.07
48000,9,1.724527,0.405253,0.175143,0.049497,4.3953,81.07
48000,10,2.099528,0.621123,0.276879,0.096847,4.3953,81.07
48000,11,2.635956,0.81783,0.634761,0.220104,4.3953,81.07
49000,0,1.067807,0.177251,0.003883,0.002065,4.3898,80.62
49000,1,1.4394,0.331676,0.016506,0.007683,4.3898,80.62
49000,2,1.498859,0.36394,0.040925,0.014822,4.3898,80.62
49000,3,1.559191,0.2007,0.029045,0.012436,4.3898,80.62
49000,4,1.559123,0.180826,0.023437,0.010415,4.3898,80.62
49000,5,1.458662,0.240573,0.063687,0.038204,4.3898,80.62
49000,6,1.522228,0.452018,0.056019,0.052441,4.3898,80.62
49000,7,1.401948,0.371157,0.07473,0.050478,4.3898,80.62
49000,8,1.5608,0.403989,0.155173,0.049733,4.3898,80.62
49000,9,1.708138,0.398036,0.185324,0.051829,4.3898,80.62
49000,10,2.093998,0.616942,0.272676,0.095603,4.3898,80.62
49000,11,2.631899,0.813985,0.638412,0.221607,4.3898,80.62
